{
    "Sarees_border": {
        "0": 0.09743484854698181,
        "1": 0.019601773470640182,
        "2": 0.14466066658496857,
        "3": 0.024458682164549828,
        "4": 0.4034407138824463,
        "5": 0.310403436422348
    },
    "Sarees_border_width": {
        "0": 0.06793760508298874,
        "1": 0.09663549810647964,
        "2": 0.835426926612854
    },
    "Sarees_color": {
        "0": 0.017382068559527397,
        "1": 0.019715284928679466,
        "2": 0.016255026683211327,
        "3": 0.20412829518318176,
        "4": 0.028595544397830963,
        "5": 0.20193961262702942,
        "6": 0.26705223321914673,
        "7": 0.24493195116519928
    },
    "Sarees_occasion": {
        "0": 0.06249482184648514,
        "1": 0.4812368154525757,
        "2": 0.10690060257911682,
        "3": 0.34936776757240295
    },
    "Sarees_pattern": {
        "0": 0.014917329885065556,
        "1": 0.1594933420419693,
        "2": 0.11544455587863922,
        "3": 0.15973538160324097,
        "4": 0.5504093766212463
    },
    "Sarees_print_or_pattern_type": {
        "0": 0.029383309185504913,
        "1": 0.03394433856010437,
        "2": 0.026239098981022835,
        "3": 0.03276745602488518,
        "4": 0.07005733251571655,
        "5": 0.12680979073047638,
        "6": 0.26713576912879944,
        "7": 0.10861790180206299,
        "8": 0.305044949054718
    },
    "Sarees_transparency": {
        "0": 0.22878111898899078,
        "1": 0.7712189555168152
    },
    "Women Tshirts_color": {
        "0": 0.06220840662717819,
        "1": 0.08379100263118744,
        "2": 0.17485933005809784,
        "3": 0.13190457224845886,
        "4": 0.17365579307079315,
        "5": 0.05837440490722656,
        "6": 0.31520649790763855
    },
    "Women Tshirts_fit_shape": {
        "0": 0.06567017734050751,
        "1": 0.5720231533050537,
        "2": 0.3623066544532776
    },
    "Women Tshirts_length": {
        "0": 0.19628556072711945,
        "1": 0.17017491161823273,
        "2": 0.6335395574569702
    },
    "Women Tshirts_pattern": {
        "0": 0.049855925142765045,
        "1": 0.429855614900589,
        "2": 0.5202884078025818
    },
    "Women Tshirts_print_or_pattern_type": {
        "0": 0.09025106579065323,
        "1": 0.16688336431980133,
        "2": 0.1589263379573822,
        "3": 0.07275363057851791,
        "4": 0.1550537645816803,
        "5": 0.35613179206848145
    },
    "Women Tshirts_sleeve_length": {
        "0": 0.3573266863822937,
        "1": 0.5829920172691345,
        "2": 0.05968130752444267
    },
    "Women Tshirts_sleeve_styling": {
        "0": 0.9174823760986328,
        "1": 0.082517609000206
    },
    "Women Tops & Tunics_neck_collar": {
        "0": 0.12244019657373428,
        "1": 0.13824157416820526,
        "2": 0.026921827346086502,
        "3": 0.13931477069854736,
        "4": 0.08436589688062668,
        "5": 0.18982356786727905,
        "6": 0.29889214038848877
    },
    "Women Tops & Tunics_occasion": {
        "0": 0.027056042104959488,
        "1": 0.9729440212249756
    },
    "Women Tops & Tunics_pattern": {
        "0": 0.11360609531402588,
        "1": 0.1733289510011673,
        "2": 0.7130649089813232
    },
    "Men Tshirts_color": {
        "0": 0.1628865897655487,
        "1": 0.39216312766075134,
        "2": 0.26083528995513916,
        "3": 0.18411503732204437
    },
    "Men Tshirts_pattern": {
        "0": 0.5434671640396118,
        "1": 0.4565328359603882
    },
    "Men Tshirts_print_or_pattern_type": {
        "0": 0.2494087666273117,
        "1": 0.16126127541065216,
        "2": 0.5893299579620361
    },
    "Men Tshirts_sleeve_length": {
        "0": 0.9313085675239563,
        "1": 0.06869146227836609
    },
    "Women Tops & Tunics_color": {
        "0": 0.14438942074775696,
        "1": 0.08223029971122742,
        "2": 0.07038810104131699,
        "3": 0.04483427479863167,
        "4": 0.03507762402296066,
        "5": 0.16063353419303894,
        "6": 0.02595946379005909,
        "7": 0.07958827167749405,
        "8": 0.028872201219201088,
        "9": 0.09800685197114944,
        "10": 0.15917891263961792,
        "11": 0.07084113359451294
    },
    "Women Tops & Tunics_fit_shape": {
        "0": 0.11585388332605362,
        "1": 0.10557648539543152,
        "2": 0.5271263122558594,
        "3": 0.25144338607788086
    },
    "Women Tops & Tunics_length": {
        "0": 0.4506990909576416,
        "1": 0.5493009090423584
    },
    "Women Tops & Tunics_sleeve_length": {
        "0": 0.48524588346481323,
        "1": 0.15381982922554016,
        "2": 0.08378738164901733,
        "3": 0.27714696526527405
    },
    "Sarees_blouse_pattern": {
        "0": 0.029815547168254852,
        "1": 0.15328265726566315,
        "2": 0.08492717891931534,
        "3": 0.7319746613502502
    },
    "Sarees_pallu_details": {
        "0": 0.13468720018863678,
        "1": 0.08011502027511597,
        "2": 0.10751773416996002,
        "3": 0.6776800751686096
    },
    "Kurtis_color": {
        "0": 0.08994635194540024,
        "1": 0.0175169724971056,
        "2": 0.053369563072919846,
        "3": 0.008966916240751743,
        "4": 0.029315641149878502,
        "5": 0.029846254736185074,
        "6": 0.009318549185991287,
        "7": 0.011604049243032932,
        "8": 0.4166901409626007,
        "9": 0.06885804980993271,
        "10": 0.03304222598671913,
        "11": 0.046951133757829666,
        "12": 0.18457429111003876
    },
    "Kurtis_fit_shape": {
        "0": 0.3708283305168152,
        "1": 0.6291717290878296
    },
    "Kurtis_length": {
        "0": 0.5969138145446777,
        "1": 0.40308618545532227
    },
    "Kurtis_occasion": {
        "0": 0.08752060681581497,
        "1": 0.9124793410301208
    },
    "Kurtis_pattern": {
        "0": 0.46188774704933167,
        "1": 0.5381122827529907
    },
    "Kurtis_print_or_pattern_type": {
        "0": 0.46369633078575134,
        "1": 0.5363036394119263
    },
    "Kurtis_sleeve_length": {
        "0": 0.19721375405788422,
        "1": 0.03400370106101036,
        "2": 0.7687824964523315
    },
    "Kurtis_sleeve_styling": {
        "0": 0.04230933263897896,
        "1": 0.9576906561851501
    },
    "Sarees_ornamentation": {
        "0": 0.047598402947187424,
        "1": 0.3145766258239746,
        "2": 0.6378250122070312
    },
    "Kurtis_ornamentation": {
        "0": 0.685577392578125,
        "1": 0.3144226372241974
    },
    "Women Tops & Tunics_print_or_pattern_type": {
        "0": 0.025552373379468918,
        "1": 0.2681126892566681,
        "2": 0.09309287369251251,
        "3": 0.18815043568611145,
        "4": 0.10294236242771149,
        "5": 0.32214924693107605
    },
    "Women Tops & Tunics_sleeve_styling": {
        "0": 0.15249128639698029,
        "1": 0.0664682611823082,
        "2": 0.538612425327301,
        "3": 0.2424280047416687
    },
    "Women Tops & Tunics_surface_styling": {
        "0": 0.038140375167131424,
        "1": 0.28113821148872375,
        "2": 0.15010793507099152,
        "3": 0.11527235805988312,
        "4": 0.19870522618293762,
        "5": 0.21663591265678406
    },
    "Men Tshirts_neck": {
        "0": 0.498291015625,
        "1": 0.501708984375
    },
    "Women Tshirts_surface_styling": {
        "0": 0.045785706490278244,
        "1": 0.954214334487915
    }
}